url,file
https://www.fool.com/investing/2025/07/26/if-i-could-only-buy-1-nvidia-backed-data-center-st/,2025-07-28-154231_if-i-could-buy-only-1-nvidia-backed-data-center-stock-this.md
https://finance.yahoo.com/news/nvidia-nvda-data-center-boom-150159157.html,2025-07-28-154236_nvidias-nvda-data-center-boom-continues-analyst-lifts-p.md
https://www.tipranks.com/news/weekend-updates/nvidias-stock-soars-a-comeback-story-amid-trade-tensions,2025-07-28-154243_nvidias-stock-soars-a-comeback-story-amid-trade-tensions.md
https://www.fool.com/investing/2025/07/28/can-nvidia-stock-skyrocket-another-370-by-2030-1-w/,2025-07-28-154245_can-nvidia-stock-skyrocket-another-370-by-2030-1-wall-stre.md
https://finance.yahoo.com/news/5-reasons-buy-nvidia-stock-084700297.html,2025-07-28-154249_5-reasons-to-buy-nvidia-stock-like-there-s-no-tomorrow.md
https://finance.yahoo.com/news/nvda-stock-price-prediction-where-070852948.html,2025-07-28-154252_nvda-stock-price-prediction-where-nvidia-could-be-by-2025.md
https://www.fool.com/investing/2025/07/27/prediction-this-unstoppable-artificial-intelligenc/,2025-07-28-154255_prediction-this-unstoppable-artificial-intelligence-ai-st.md
https://www.fool.com/investing/2025/07/27/where-will-nvidia-be-in-5-years/,2025-07-28-154258_where-will-nvidia-be-in-5-years.md
https://www.fool.com/investing/2025/07/28/can-buying-10000-of-nvidia-stock-still-make-you-a/,2025-07-28-154300_can-buying-10000-of-nvidia-stock-still-make-you-a-milliona.md
https://www.zacks.com/stock/news/2618476/is-rigetti-the-next-nvidia-and-should-you-buy-the-stock,2025-07-28-154310_is-rigetti-the-next-nvidia-and-should-you-buy-the-stock.md
https://www.cnbc.com/2025/08/01/top-stocks-from-analysts-friday-like-apple.html,2025-08-02-092042_here-are-friday-s-biggest-analyst-calls-nvidia-apple-amaz.md
https://www.tipranks.com/news/nvidia-stock-nvda-trembles-as-chinese-ramp-up-pressure-on-chip-security-fears,2025-08-02-092045_nvidia-stock-nvda-trembles-as-chinese-ramp-up-pressure-on.md
https://www.fool.com/investing/2025/08/01/2-ai-stocks-worth-more-than-apple-stock-not-nvidia/,2025-08-02-092051_prediction-2-artificial-intelligence-ai-stocks-will-be-wo.md
https://finance.yahoo.com/news/invested-10k-nvidia-stock-10-020110952.html,2025-08-02-092054_if-you-invested-10k-in-nvidia-stock-10-years-ago-how-much.md
https://fortune.com/2025/07/30/nvidia-billionaires-colette-kress-jay-puri-jensen-huang/,2025-08-02-092056_nvidia-soaring-stock-has-generated-two-more-billionaires-in.md
https://www.fool.com/investing/2025/08/01/alphabet-sundar-pichai-news-nvidia-stock-investors/,2025-08-02-092100_alphabet-ceo-sundar-pichai-just-delivered-incredible-news-fo.md
https://finance.yahoo.com/news/buy-nvidia-nvda-stock-aug-103000384.html,2025-08-02-092103_should-you-buy-nvidia-nvda-stock-before-aug-27-here-s-wh.md
https://www.fool.com/investing/2025/07/30/5-reasons-nvidia-stock-is-still-a-genius-buy-right/,2025-08-02-092108_5-reasons-nvidia-stock-is-still-a-genius-buy-right-now.md
https://www.fool.com/investing/2025/07/30/will-nvidia-stock-surge-after-august-5/,2025-08-02-092117_will-nvidia-stock-surge-after-aug-5.md
https://www.fool.com/investing/2025/07/31/should-you-forget-nvidia-and-buy-2-millionaire/,2025-08-02-092120_should-you-forget-nvidia-and-buy-these-2-millionaire-maker-s.md
https://finance.yahoo.com/news/think-too-buy-nvidia-heres-131300710.html,2025-08-02-093321_think-it-s-too-late-to-buy-nvidia-here-s-the-biggest-reason.md
https://uk.finance.yahoo.com/news/missed-nvidia-could-next-big-060700398.html,2025-08-02-093325_i-missed-nvidia-could-this-be-the-next-big-us-growth-stock.md
